INSERT INTO tennis_atp_datasource.atp_ranking (id, date, points, standing, player_id) VALUES (1, '2018-01-01', 10645, 1, 1);
INSERT INTO tennis_atp_datasource.atp_ranking (id, date, points, standing, player_id) VALUES (2, '2018-01-01', 9605, 2, 2);
INSERT INTO tennis_atp_datasource.atp_ranking (id, date, points, standing, player_id) VALUES (3, '2018-01-01', 2595, 11, 4);
INSERT INTO tennis_atp_datasource.atp_ranking (id, date, points, standing, player_id) VALUES (4, '2018-01-01', 2585, 12, 3);
INSERT INTO tennis_atp_datasource.atp_ranking (id, date, points, standing, player_id) VALUES (5, '2018-01-01', 992, 50, 7);
INSERT INTO tennis_atp_datasource.atp_ranking (id, date, points, standing, player_id) VALUES (6, '2018-01-01', 3, 1430, 8);
INSERT INTO tennis_atp_datasource.atp_ranking (id, date, points, standing, player_id) VALUES (7, '2018-01-01', 484, 123, 9);
INSERT INTO tennis_atp_datasource.atp_ranking (id, date, points, standing, player_id) VALUES (8, '2018-01-01', 420, 133, 5);
INSERT INTO tennis_atp_datasource.atp_ranking (id, date, points, standing, player_id) VALUES (9, '2018-01-01', 123, 358, 6);
INSERT INTO tennis_atp_datasource.atp_ranking (id, date, points, standing, player_id) VALUES (10, '2018-01-01', 28, 718, 10);
INSERT INTO tennis_atp_datasource.atp_ranking (id, date, points, standing, player_id) VALUES (11, '2018-01-08', 10600, 1, 1);
INSERT INTO tennis_atp_datasource.atp_ranking (id, date, points, standing, player_id) VALUES (12, '2018-01-08', 9605, 2, 2);
INSERT INTO tennis_atp_datasource.atp_ranking (id, date, points, standing, player_id) VALUES (13, '2018-01-08', 2595, 12, 4);
INSERT INTO tennis_atp_datasource.atp_ranking (id, date, points, standing, player_id) VALUES (14, '2018-01-08', 2335, 14, 3);
INSERT INTO tennis_atp_datasource.atp_ranking (id, date, points, standing, player_id) VALUES (15, '2018-01-08', 992, 49, 7);
INSERT INTO tennis_atp_datasource.atp_ranking (id, date, points, standing, player_id) VALUES (16, '2018-01-08', 3, 1427, 8);
INSERT INTO tennis_atp_datasource.atp_ranking (id, date, points, standing, player_id) VALUES (17, '2018-01-08', 484, 123, 9);
INSERT INTO tennis_atp_datasource.atp_ranking (id, date, points, standing, player_id) VALUES (18, '2018-01-08', 420, 136, 5);
INSERT INTO tennis_atp_datasource.atp_ranking (id, date, points, standing, player_id) VALUES (19, '2018-01-08', 123, 359, 6);
INSERT INTO tennis_atp_datasource.atp_ranking (id, date, points, standing, player_id) VALUES (20, '2018-01-08', 28, 718, 10);
INSERT INTO tennis_atp_datasource.atp_ranking (id, date, points, standing, player_id) VALUES (21, '2018-01-15', 10600, 1, 1);
INSERT INTO tennis_atp_datasource.atp_ranking (id, date, points, standing, player_id) VALUES (22, '2018-01-15', 9605, 2, 2);
INSERT INTO tennis_atp_datasource.atp_ranking (id, date, points, standing, player_id) VALUES (23, '2018-01-15', 2725, 10, 4);
INSERT INTO tennis_atp_datasource.atp_ranking (id, date, points, standing, player_id) VALUES (24, '2018-01-15', 2335, 14, 3);
INSERT INTO tennis_atp_datasource.atp_ranking (id, date, points, standing, player_id) VALUES (25, '2018-01-15', 992, 49, 7);
INSERT INTO tennis_atp_datasource.atp_ranking (id, date, points, standing, player_id) VALUES (26, '2018-01-15', 3, 1427, 8);
INSERT INTO tennis_atp_datasource.atp_ranking (id, date, points, standing, player_id) VALUES (27, '2018-01-15', 478, 121, 9);
INSERT INTO tennis_atp_datasource.atp_ranking (id, date, points, standing, player_id) VALUES (28, '2018-01-15', 270, 193, 5);
INSERT INTO tennis_atp_datasource.atp_ranking (id, date, points, standing, player_id) VALUES (29, '2018-01-15', 123, 357, 6);
INSERT INTO tennis_atp_datasource.atp_ranking (id, date, points, standing, player_id) VALUES (30, '2018-01-15', 28, 718, 10);
INSERT INTO tennis_atp_datasource.atp_ranking (id, date, points, standing, player_id) VALUES (31, '2018-01-29', 9760, 1, 1);
INSERT INTO tennis_atp_datasource.atp_ranking (id, date, points, standing, player_id) VALUES (32, '2018-01-29', 9605, 2, 2);
INSERT INTO tennis_atp_datasource.atp_ranking (id, date, points, standing, player_id) VALUES (33, '2018-01-29', 2815, 9, 4);
INSERT INTO tennis_atp_datasource.atp_ranking (id, date, points, standing, player_id) VALUES (34, '2018-01-29', 2470, 13, 3);
INSERT INTO tennis_atp_datasource.atp_ranking (id, date, points, standing, player_id) VALUES (35, '2018-01-29', 1667, 26, 7);
INSERT INTO tennis_atp_datasource.atp_ranking (id, date, points, standing, player_id) VALUES (36, '2018-01-29', 3, 1421, 8);
INSERT INTO tennis_atp_datasource.atp_ranking (id, date, points, standing, player_id) VALUES (37, '2018-01-29', 468, 126, 9);
INSERT INTO tennis_atp_datasource.atp_ranking (id, date, points, standing, player_id) VALUES (38, '2018-01-29', 118, 364, 6);
INSERT INTO tennis_atp_datasource.atp_ranking (id, date, points, standing, player_id) VALUES (39, '2018-01-29', 90, 423, 5);
INSERT INTO tennis_atp_datasource.atp_ranking (id, date, points, standing, player_id) VALUES (40, '2018-01-29', 28, 715, 10);
INSERT INTO tennis_atp_datasource.atp_ranking (id, date, points, standing, player_id) VALUES (41, '2018-02-05', 9760, 1, 1);
INSERT INTO tennis_atp_datasource.atp_ranking (id, date, points, standing, player_id) VALUES (42, '2018-02-05', 9605, 2, 2);
INSERT INTO tennis_atp_datasource.atp_ranking (id, date, points, standing, player_id) VALUES (43, '2018-02-05', 2815, 9, 4);
INSERT INTO tennis_atp_datasource.atp_ranking (id, date, points, standing, player_id) VALUES (44, '2018-02-05', 2470, 13, 3);
INSERT INTO tennis_atp_datasource.atp_ranking (id, date, points, standing, player_id) VALUES (45, '2018-02-05', 1667, 26, 7);
INSERT INTO tennis_atp_datasource.atp_ranking (id, date, points, standing, player_id) VALUES (46, '2018-02-05', 3, 1418, 8);
INSERT INTO tennis_atp_datasource.atp_ranking (id, date, points, standing, player_id) VALUES (47, '2018-02-05', 462, 128, 9);
INSERT INTO tennis_atp_datasource.atp_ranking (id, date, points, standing, player_id) VALUES (48, '2018-02-05', 118, 362, 6);
INSERT INTO tennis_atp_datasource.atp_ranking (id, date, points, standing, player_id) VALUES (49, '2018-02-05', 90, 423, 5);
INSERT INTO tennis_atp_datasource.atp_ranking (id, date, points, standing, player_id) VALUES (50, '2018-02-05', 28, 715, 10);
INSERT INTO tennis_atp_datasource.atp_ranking (id, date, points, standing, player_id) VALUES (51, '2018-02-12', 9760, 1, 1);
INSERT INTO tennis_atp_datasource.atp_ranking (id, date, points, standing, player_id) VALUES (52, '2018-02-12', 9605, 2, 2);
INSERT INTO tennis_atp_datasource.atp_ranking (id, date, points, standing, player_id) VALUES (53, '2018-02-12', 2815, 9, 4);
INSERT INTO tennis_atp_datasource.atp_ranking (id, date, points, standing, player_id) VALUES (54, '2018-02-12', 2470, 14, 3);
INSERT INTO tennis_atp_datasource.atp_ranking (id, date, points, standing, player_id) VALUES (55, '2018-02-12', 1667, 26, 7);
INSERT INTO tennis_atp_datasource.atp_ranking (id, date, points, standing, player_id) VALUES (56, '2018-02-12', 3, 1416, 8);
INSERT INTO tennis_atp_datasource.atp_ranking (id, date, points, standing, player_id) VALUES (57, '2018-02-12', 442, 133, 9);
INSERT INTO tennis_atp_datasource.atp_ranking (id, date, points, standing, player_id) VALUES (58, '2018-02-12', 90, 422, 5);
INSERT INTO tennis_atp_datasource.atp_ranking (id, date, points, standing, player_id) VALUES (59, '2018-02-12', 89, 425, 6);
INSERT INTO tennis_atp_datasource.atp_ranking (id, date, points, standing, player_id) VALUES (60, '2018-02-12', 28, 712, 10);
INSERT INTO tennis_atp_datasource.atp_ranking (id, date, points, standing, player_id) VALUES (61, '2018-02-19', 10105, 1, 2);
INSERT INTO tennis_atp_datasource.atp_ranking (id, date, points, standing, player_id) VALUES (62, '2018-02-19', 9760, 2, 1);
INSERT INTO tennis_atp_datasource.atp_ranking (id, date, points, standing, player_id) VALUES (63, '2018-02-19', 2815, 10, 4);
INSERT INTO tennis_atp_datasource.atp_ranking (id, date, points, standing, player_id) VALUES (64, '2018-02-19', 2470, 14, 3);
INSERT INTO tennis_atp_datasource.atp_ranking (id, date, points, standing, player_id) VALUES (65, '2018-02-19', 1667, 25, 7);
INSERT INTO tennis_atp_datasource.atp_ranking (id, date, points, standing, player_id) VALUES (66, '2018-02-19', 3, 1413, 8);
INSERT INTO tennis_atp_datasource.atp_ranking (id, date, points, standing, player_id) VALUES (67, '2018-02-19', 442, 133, 9);
INSERT INTO tennis_atp_datasource.atp_ranking (id, date, points, standing, player_id) VALUES (68, '2018-02-19', 90, 423, 5);
INSERT INTO tennis_atp_datasource.atp_ranking (id, date, points, standing, player_id) VALUES (69, '2018-02-19', 89, 427, 6);
INSERT INTO tennis_atp_datasource.atp_ranking (id, date, points, standing, player_id) VALUES (70, '2018-02-19', 28, 714, 10);
INSERT INTO tennis_atp_datasource.atp_ranking (id, date, points, standing, player_id) VALUES (71, '2018-02-26', 10105, 1, 2);
INSERT INTO tennis_atp_datasource.atp_ranking (id, date, points, standing, player_id) VALUES (72, '2018-02-26', 9760, 2, 1);
INSERT INTO tennis_atp_datasource.atp_ranking (id, date, points, standing, player_id) VALUES (73, '2018-02-26', 2745, 9, 4);
INSERT INTO tennis_atp_datasource.atp_ranking (id, date, points, standing, player_id) VALUES (74, '2018-02-26', 2470, 13, 3);
INSERT INTO tennis_atp_datasource.atp_ranking (id, date, points, standing, player_id) VALUES (75, '2018-02-26', 1642, 25, 7);
INSERT INTO tennis_atp_datasource.atp_ranking (id, date, points, standing, player_id) VALUES (76, '2018-02-26', 4, 1296, 8);
INSERT INTO tennis_atp_datasource.atp_ranking (id, date, points, standing, player_id) VALUES (77, '2018-02-26', 352, 154, 9);
INSERT INTO tennis_atp_datasource.atp_ranking (id, date, points, standing, player_id) VALUES (78, '2018-02-26', 92, 415, 6);
INSERT INTO tennis_atp_datasource.atp_ranking (id, date, points, standing, player_id) VALUES (79, '2018-02-26', 90, 422, 5);
INSERT INTO tennis_atp_datasource.atp_ranking (id, date, points, standing, player_id) VALUES (80, '2018-02-26', 28, 714, 10);
INSERT INTO tennis_atp_datasource.atp_ranking (id, date, points, standing, player_id) VALUES (81, '2018-03-05', 10060, 1, 2);
INSERT INTO tennis_atp_datasource.atp_ranking (id, date, points, standing, player_id) VALUES (82, '2018-03-05', 9460, 2, 1);
INSERT INTO tennis_atp_datasource.atp_ranking (id, date, points, standing, player_id) VALUES (83, '2018-03-05', 3200, 8, 4);
INSERT INTO tennis_atp_datasource.atp_ranking (id, date, points, standing, player_id) VALUES (84, '2018-03-05', 2380, 13, 3);
INSERT INTO tennis_atp_datasource.atp_ranking (id, date, points, standing, player_id) VALUES (85, '2018-03-05', 1642, 24, 7);
INSERT INTO tennis_atp_datasource.atp_ranking (id, date, points, standing, player_id) VALUES (86, '2018-03-05', 4, 1296, 8);
INSERT INTO tennis_atp_datasource.atp_ranking (id, date, points, standing, player_id) VALUES (87, '2018-03-05', 344, 161, 9);
INSERT INTO tennis_atp_datasource.atp_ranking (id, date, points, standing, player_id) VALUES (88, '2018-03-05', 92, 410, 6);
INSERT INTO tennis_atp_datasource.atp_ranking (id, date, points, standing, player_id) VALUES (89, '2018-03-05', 45, 608, 5);
INSERT INTO tennis_atp_datasource.atp_ranking (id, date, points, standing, player_id) VALUES (90, '2018-03-05', 28, 716, 10);
INSERT INTO tennis_atp_datasource.atp_ranking (id, date, points, standing, player_id) VALUES (91, '2018-03-19', 9660, 1, 2);
INSERT INTO tennis_atp_datasource.atp_ranking (id, date, points, standing, player_id) VALUES (92, '2018-03-19', 9370, 2, 1);
INSERT INTO tennis_atp_datasource.atp_ranking (id, date, points, standing, player_id) VALUES (93, '2018-03-19', 4155, 6, 4);
INSERT INTO tennis_atp_datasource.atp_ranking (id, date, points, standing, player_id) VALUES (94, '2018-03-19', 2300, 12, 3);
INSERT INTO tennis_atp_datasource.atp_ranking (id, date, points, standing, player_id) VALUES (95, '2018-03-19', 1627, 26, 7);
INSERT INTO tennis_atp_datasource.atp_ranking (id, date, points, standing, player_id) VALUES (96, '2018-03-19', 3, 1411, 8);
INSERT INTO tennis_atp_datasource.atp_ranking (id, date, points, standing, player_id) VALUES (97, '2018-03-19', 344, 160, 9);
INSERT INTO tennis_atp_datasource.atp_ranking (id, date, points, standing, player_id) VALUES (98, '2018-03-19', 89, 426, 6);
INSERT INTO tennis_atp_datasource.atp_ranking (id, date, points, standing, player_id) VALUES (99, '2018-03-19', 29, 712, 10);
INSERT INTO tennis_atp_datasource.atp_ranking (id, date, points, standing, player_id) VALUES (100, '2018-03-19', 20, 800, 5);
INSERT INTO tennis_atp_datasource.atp_ranking (id, date, points, standing, player_id) VALUES (101, '2018-04-02', 8770, 1, 1);
INSERT INTO tennis_atp_datasource.atp_ranking (id, date, points, standing, player_id) VALUES (102, '2018-04-02', 8670, 2, 2);
INSERT INTO tennis_atp_datasource.atp_ranking (id, date, points, standing, player_id) VALUES (103, '2018-04-02', 4470, 6, 4);
INSERT INTO tennis_atp_datasource.atp_ranking (id, date, points, standing, player_id) VALUES (104, '2018-04-02', 2310, 13, 3);
INSERT INTO tennis_atp_datasource.atp_ranking (id, date, points, standing, player_id) VALUES (105, '2018-04-02', 1627, 26, 7);
INSERT INTO tennis_atp_datasource.atp_ranking (id, date, points, standing, player_id) VALUES (106, '2018-04-02', 10, 1004, 5);
INSERT INTO tennis_atp_datasource.atp_ranking (id, date, points, standing, player_id) VALUES (107, '2018-04-02', 4, 1312, 8);
INSERT INTO tennis_atp_datasource.atp_ranking (id, date, points, standing, player_id) VALUES (108, '2018-04-02', 315, 179, 9);
INSERT INTO tennis_atp_datasource.atp_ranking (id, date, points, standing, player_id) VALUES (109, '2018-04-02', 89, 429, 6);
INSERT INTO tennis_atp_datasource.atp_ranking (id, date, points, standing, player_id) VALUES (110, '2018-04-02', 29, 713, 10);
INSERT INTO tennis_atp_datasource.atp_ranking (id, date, points, standing, player_id) VALUES (111, '2018-04-09', 8770, 1, 1);
INSERT INTO tennis_atp_datasource.atp_ranking (id, date, points, standing, player_id) VALUES (112, '2018-04-09', 8670, 2, 2);
INSERT INTO tennis_atp_datasource.atp_ranking (id, date, points, standing, player_id) VALUES (113, '2018-04-09', 4470, 6, 4);
INSERT INTO tennis_atp_datasource.atp_ranking (id, date, points, standing, player_id) VALUES (114, '2018-04-09', 2310, 13, 3);
INSERT INTO tennis_atp_datasource.atp_ranking (id, date, points, standing, player_id) VALUES (115, '2018-04-09', 1627, 26, 7);
INSERT INTO tennis_atp_datasource.atp_ranking (id, date, points, standing, player_id) VALUES (116, '2018-04-09', 10, 1001, 5);
INSERT INTO tennis_atp_datasource.atp_ranking (id, date, points, standing, player_id) VALUES (117, '2018-04-09', 4, 1307, 8);
INSERT INTO tennis_atp_datasource.atp_ranking (id, date, points, standing, player_id) VALUES (118, '2018-04-09', 315, 180, 9);
INSERT INTO tennis_atp_datasource.atp_ranking (id, date, points, standing, player_id) VALUES (119, '2018-04-09', 89, 429, 6);
INSERT INTO tennis_atp_datasource.atp_ranking (id, date, points, standing, player_id) VALUES (120, '2018-04-09', 29, 712, 10);
INSERT INTO tennis_atp_datasource.atp_ranking (id, date, points, standing, player_id) VALUES (121, '2018-04-16', 8770, 1, 1);
INSERT INTO tennis_atp_datasource.atp_ranking (id, date, points, standing, player_id) VALUES (122, '2018-04-16', 8670, 2, 2);
INSERT INTO tennis_atp_datasource.atp_ranking (id, date, points, standing, player_id) VALUES (123, '2018-04-16', 4470, 6, 4);
INSERT INTO tennis_atp_datasource.atp_ranking (id, date, points, standing, player_id) VALUES (124, '2018-04-16', 2310, 13, 3);
INSERT INTO tennis_atp_datasource.atp_ranking (id, date, points, standing, player_id) VALUES (125, '2018-04-16', 1757, 23, 7);
INSERT INTO tennis_atp_datasource.atp_ranking (id, date, points, standing, player_id) VALUES (126, '2018-04-16', 10, 994, 5);
INSERT INTO tennis_atp_datasource.atp_ranking (id, date, points, standing, player_id) VALUES (127, '2018-04-16', 4, 1302, 8);
INSERT INTO tennis_atp_datasource.atp_ranking (id, date, points, standing, player_id) VALUES (128, '2018-04-16', 315, 178, 9);
INSERT INTO tennis_atp_datasource.atp_ranking (id, date, points, standing, player_id) VALUES (129, '2018-04-16', 89, 426, 6);
INSERT INTO tennis_atp_datasource.atp_ranking (id, date, points, standing, player_id) VALUES (130, '2018-04-16', 29, 713, 10);
INSERT INTO tennis_atp_datasource.atp_ranking (id, date, points, standing, player_id) VALUES (131, '2018-04-23', 8770, 1, 1);
INSERT INTO tennis_atp_datasource.atp_ranking (id, date, points, standing, player_id) VALUES (132, '2018-04-23', 8670, 2, 2);
INSERT INTO tennis_atp_datasource.atp_ranking (id, date, points, standing, player_id) VALUES (133, '2018-04-23', 4470, 6, 4);
INSERT INTO tennis_atp_datasource.atp_ranking (id, date, points, standing, player_id) VALUES (134, '2018-04-23', 2220, 12, 3);
INSERT INTO tennis_atp_datasource.atp_ranking (id, date, points, standing, player_id) VALUES (135, '2018-04-23', 1732, 23, 7);
INSERT INTO tennis_atp_datasource.atp_ranking (id, date, points, standing, player_id) VALUES (136, '2018-04-23', 4, 1300, 8);
INSERT INTO tennis_atp_datasource.atp_ranking (id, date, points, standing, player_id) VALUES (137, '2018-04-23', 315, 180, 9);
INSERT INTO tennis_atp_datasource.atp_ranking (id, date, points, standing, player_id) VALUES (138, '2018-04-23', 89, 427, 6);
INSERT INTO tennis_atp_datasource.atp_ranking (id, date, points, standing, player_id) VALUES (139, '2018-04-23', 30, 704, 10);
INSERT INTO tennis_atp_datasource.atp_ranking (id, date, points, standing, player_id) VALUES (140, '2018-04-30', 8770, 1, 1);
INSERT INTO tennis_atp_datasource.atp_ranking (id, date, points, standing, player_id) VALUES (141, '2018-04-30', 8670, 2, 2);
INSERT INTO tennis_atp_datasource.atp_ranking (id, date, points, standing, player_id) VALUES (142, '2018-04-30', 4470, 6, 4);
INSERT INTO tennis_atp_datasource.atp_ranking (id, date, points, standing, player_id) VALUES (143, '2018-04-30', 2220, 12, 3);
INSERT INTO tennis_atp_datasource.atp_ranking (id, date, points, standing, player_id) VALUES (144, '2018-04-30', 1732, 23, 7);
INSERT INTO tennis_atp_datasource.atp_ranking (id, date, points, standing, player_id) VALUES (145, '2018-04-30', 4, 1301, 8);
INSERT INTO tennis_atp_datasource.atp_ranking (id, date, points, standing, player_id) VALUES (146, '2018-04-30', 315, 181, 9);
INSERT INTO tennis_atp_datasource.atp_ranking (id, date, points, standing, player_id) VALUES (147, '2018-04-30', 89, 428, 6);
INSERT INTO tennis_atp_datasource.atp_ranking (id, date, points, standing, player_id) VALUES (148, '2018-04-30', 30, 708, 10);
INSERT INTO tennis_atp_datasource.atp_ranking (id, date, points, standing, player_id) VALUES (149, '2018-05-07', 8770, 1, 1);
INSERT INTO tennis_atp_datasource.atp_ranking (id, date, points, standing, player_id) VALUES (150, '2018-05-07', 8670, 2, 2);
INSERT INTO tennis_atp_datasource.atp_ranking (id, date, points, standing, player_id) VALUES (151, '2018-05-07', 4470, 6, 4);
INSERT INTO tennis_atp_datasource.atp_ranking (id, date, points, standing, player_id) VALUES (152, '2018-05-07', 2220, 12, 3);
INSERT INTO tennis_atp_datasource.atp_ranking (id, date, points, standing, player_id) VALUES (153, '2018-05-07', 1757, 22, 7);
INSERT INTO tennis_atp_datasource.atp_ranking (id, date, points, standing, player_id) VALUES (154, '2018-05-07', 5, 1195, 5);
INSERT INTO tennis_atp_datasource.atp_ranking (id, date, points, standing, player_id) VALUES (155, '2018-05-07', 5, 1224, 8);
INSERT INTO tennis_atp_datasource.atp_ranking (id, date, points, standing, player_id) VALUES (156, '2018-05-07', 309, 184, 9);
INSERT INTO tennis_atp_datasource.atp_ranking (id, date, points, standing, player_id) VALUES (157, '2018-05-07', 89, 428, 6);
INSERT INTO tennis_atp_datasource.atp_ranking (id, date, points, standing, player_id) VALUES (158, '2018-05-07', 30, 711, 10);
INSERT INTO tennis_atp_datasource.atp_ranking (id, date, points, standing, player_id) VALUES (159, '2018-05-14', 8670, 1, 2);
INSERT INTO tennis_atp_datasource.atp_ranking (id, date, points, standing, player_id) VALUES (160, '2018-05-14', 7950, 2, 1);
INSERT INTO tennis_atp_datasource.atp_ranking (id, date, points, standing, player_id) VALUES (161, '2018-05-14', 4540, 6, 4);
INSERT INTO tennis_atp_datasource.atp_ranking (id, date, points, standing, player_id) VALUES (162, '2018-05-14', 1905, 18, 3);
INSERT INTO tennis_atp_datasource.atp_ranking (id, date, points, standing, player_id) VALUES (163, '2018-05-14', 1905, 19, 7);
INSERT INTO tennis_atp_datasource.atp_ranking (id, date, points, standing, player_id) VALUES (164, '2018-05-14', 5, 1192, 5);
INSERT INTO tennis_atp_datasource.atp_ranking (id, date, points, standing, player_id) VALUES (165, '2018-05-14', 5, 1226, 8);
INSERT INTO tennis_atp_datasource.atp_ranking (id, date, points, standing, player_id) VALUES (166, '2018-05-14', 309, 183, 9);
INSERT INTO tennis_atp_datasource.atp_ranking (id, date, points, standing, player_id) VALUES (167, '2018-05-14', 89, 429, 6);
INSERT INTO tennis_atp_datasource.atp_ranking (id, date, points, standing, player_id) VALUES (168, '2018-05-14', 36, 664, 10);
INSERT INTO tennis_atp_datasource.atp_ranking (id, date, points, standing, player_id) VALUES (169, '2018-05-21', 8770, 1, 1);
INSERT INTO tennis_atp_datasource.atp_ranking (id, date, points, standing, player_id) VALUES (170, '2018-05-21', 8670, 2, 2);
INSERT INTO tennis_atp_datasource.atp_ranking (id, date, points, standing, player_id) VALUES (171, '2018-05-21', 4450, 6, 4);
INSERT INTO tennis_atp_datasource.atp_ranking (id, date, points, standing, player_id) VALUES (172, '2018-05-21', 1950, 17, 7);
INSERT INTO tennis_atp_datasource.atp_ranking (id, date, points, standing, player_id) VALUES (173, '2018-05-21', 1665, 22, 3);
INSERT INTO tennis_atp_datasource.atp_ranking (id, date, points, standing, player_id) VALUES (174, '2018-05-21', 5, 1194, 5);
INSERT INTO tennis_atp_datasource.atp_ranking (id, date, points, standing, player_id) VALUES (175, '2018-05-21', 5, 1228, 8);
INSERT INTO tennis_atp_datasource.atp_ranking (id, date, points, standing, player_id) VALUES (176, '2018-05-21', 309, 191, 9);
INSERT INTO tennis_atp_datasource.atp_ranking (id, date, points, standing, player_id) VALUES (177, '2018-05-21', 84, 444, 6);
INSERT INTO tennis_atp_datasource.atp_ranking (id, date, points, standing, player_id) VALUES (178, '2018-05-21', 36, 664, 10);
INSERT INTO tennis_atp_datasource.atp_ranking (id, date, points, standing, player_id) VALUES (179, '2018-09-17', 8770, 1, 1);
INSERT INTO tennis_atp_datasource.atp_ranking (id, date, points, standing, player_id) VALUES (180, '2018-09-17', 8670, 2, 2);
INSERT INTO tennis_atp_datasource.atp_ranking (id, date, points, standing, player_id) VALUES (181, '2018-09-17', 4450, 6, 4);
INSERT INTO tennis_atp_datasource.atp_ranking (id, date, points, standing, player_id) VALUES (182, '2018-09-17', 1950, 17, 7);
INSERT INTO tennis_atp_datasource.atp_ranking (id, date, points, standing, player_id) VALUES (183, '2018-09-17', 1665, 22, 3);
INSERT INTO tennis_atp_datasource.atp_ranking (id, date, points, standing, player_id) VALUES (184, '2018-09-17', 5, 1233, 8);
INSERT INTO tennis_atp_datasource.atp_ranking (id, date, points, standing, player_id) VALUES (185, '2018-09-17', 309, 192, 9);
INSERT INTO tennis_atp_datasource.atp_ranking (id, date, points, standing, player_id) VALUES (186, '2018-09-17', 84, 445, 6);
INSERT INTO tennis_atp_datasource.atp_ranking (id, date, points, standing, player_id) VALUES (187, '2018-09-17', 37, 660, 10);
INSERT INTO tennis_atp_datasource.atp_ranking (id, date, points, standing, player_id) VALUES (188, '2018-09-17', 18, 858, 5);

INSERT INTO tennis_atp_datasource.event (id, country, status, time_of_start, player_one_id, player_two_id) VALUES (1, 'ESP', 'SCHEDULED', '2018-09-16 20:00:00', 2, 3);
INSERT INTO tennis_atp_datasource.event (id, country, status, time_of_start, player_one_id, player_two_id) VALUES (2, 'ESP', 'SCHEDULED', '2018-09-16 20:00:00', 1, 5);
INSERT INTO tennis_atp_datasource.event (id, country, status, time_of_start, player_one_id, player_two_id) VALUES (3, 'ESP', 'SCHEDULED', '2018-09-16 10:10:00', 2, 1);
INSERT INTO tennis_atp_datasource.event (id, country, status, time_of_start, player_one_id, player_two_id) VALUES (4, 'ESP', 'SCHEDULED', '2018-09-16 10:01:00', 1, 2);

INSERT INTO tennis_atp_datasource.player (id, birthday, country_code, name, surname) VALUES (1, '1986-06-03', 'ESP', 'Rafael', 'Nadal');
INSERT INTO tennis_atp_datasource.player (id, birthday, country_code, name, surname) VALUES (2, '1981-08-08', 'SUI', 'Roger', 'Federer');
INSERT INTO tennis_atp_datasource.player (id, birthday, country_code, name, surname) VALUES (3, '1987-05-22', 'SRB', 'Novak', 'Djokovic');
INSERT INTO tennis_atp_datasource.player (id, birthday, country_code, name, surname) VALUES (4, '1988-09-23', 'ARG', 'Juan Martin', 'del Potro');
INSERT INTO tennis_atp_datasource.player (id, birthday, country_code, name, surname) VALUES (5, '1990-05-23', 'GBR', 'Daniel', 'Evans');
INSERT INTO tennis_atp_datasource.player (id, birthday, country_code, name, surname) VALUES (6, '1988-02-21', 'GBR', 'Edward', 'Corrie');
INSERT INTO tennis_atp_datasource.player (id, birthday, country_code, name, surname) VALUES (7, '1995-01-08', 'GBR', 'Kyle', 'Edmund');
INSERT INTO tennis_atp_datasource.player (id, birthday, country_code, name, surname) VALUES (8, '1998-06-03', 'GBR', 'Alexis', 'Canter');
INSERT INTO tennis_atp_datasource.player (id, birthday, country_code, name, surname) VALUES (9, '1990-11-13', 'POL', 'Jerzy', 'Janowicz');
INSERT INTO tennis_atp_datasource.player (id, birthday, country_code, name, surname) VALUES (10, '1997-08-07', 'POL', 'Michał', 'Dembek');